,Survived,Name_Prefix,Pclass,Sex,Age,SibSp,Parch,Fare,Embarked
0,0.0,3.0,0.0,0.0,22.0,1.0,0.0,7.25,2.0
1,1.0,1.0,1.0,1.0,38.0,1.0,0.0,71.28,0.0
2,1.0,3.0,2.0,1.0,26.0,0.0,0.0,7.92,2.0
3,1.0,1.0,1.0,1.0,35.0,1.0,0.0,53.1,2.0
4,0.0,3.0,0.0,0.0,35.0,0.0,0.0,8.05,2.0
5,0.0,3.0,0.0,0.0,29.39,0.0,0.0,8.46,1.0
6,0.0,1.0,0.0,0.0,54.0,0.0,0.0,51.86,2.0
7,0.0,3.0,3.0,0.0,2.0,3.0,1.0,21.08,2.0
8,1.0,3.0,1.0,1.0,27.0,0.0,2.0,11.13,2.0
9,1.0,2.0,1.0,1.0,14.0,1.0,0.0,30.07,0.0
10,1.0,3.0,2.0,1.0,4.0,1.0,1.0,16.7,2.0
11,1.0,1.0,2.0,1.0,58.0,0.0,0.0,26.55,2.0
12,0.0,3.0,0.0,0.0,20.0,0.0,0.0,8.05,2.0
13,0.0,3.0,0.0,0.0,39.0,1.0,5.0,31.28,2.0
14,0.0,3.0,2.0,1.0,14.0,0.0,0.0,7.85,2.0
15,1.0,2.0,1.0,1.0,55.0,0.0,0.0,16.0,2.0
16,0.0,3.0,3.0,0.0,2.0,4.0,1.0,29.12,1.0
17,1.0,2.0,0.0,0.0,33.86,0.0,0.0,13.0,2.0
18,0.0,3.0,1.0,1.0,31.0,1.0,0.0,18.0,2.0
19,1.0,3.0,1.0,1.0,25.94,0.0,0.0,7.22,0.0
20,0.0,2.0,0.0,0.0,35.0,0.0,0.0,26.0,2.0
21,1.0,2.0,0.0,0.0,34.0,0.0,0.0,13.0,2.0
22,1.0,3.0,2.0,1.0,15.0,0.0,0.0,8.03,1.0
23,1.0,1.0,0.0,0.0,28.0,0.0,0.0,35.5,2.0
24,0.0,3.0,2.0,1.0,8.0,3.0,1.0,21.08,2.0
25,1.0,3.0,1.0,1.0,38.0,1.0,5.0,31.39,2.0
26,0.0,3.0,0.0,0.0,28.86,0.0,0.0,7.22,0.0
27,0.0,1.0,0.0,0.0,19.0,3.0,2.0,263.0,2.0
28,1.0,3.0,2.0,1.0,18.46,0.0,0.0,7.88,1.0
29,0.0,3.0,0.0,0.0,29.94,0.0,0.0,7.9,2.0
30,0.0,1.0,0.0,0.0,40.0,0.0,0.0,27.72,0.0
31,1.0,1.0,1.0,1.0,36.43,1.0,0.0,146.52,0.0
32,1.0,3.0,2.0,1.0,18.46,0.0,0.0,7.75,1.0
33,0.0,2.0,0.0,0.0,66.0,0.0,0.0,10.5,2.0
34,0.0,1.0,0.0,0.0,28.0,1.0,0.0,82.17,0.0
35,0.0,1.0,0.0,0.0,42.0,1.0,0.0,52.0,2.0
36,1.0,3.0,0.0,0.0,25.92,0.0,0.0,7.23,0.0
37,0.0,3.0,0.0,0.0,21.0,0.0,0.0,8.05,2.0
38,0.0,3.0,2.0,1.0,18.0,2.0,0.0,18.0,2.0
39,1.0,3.0,2.0,1.0,14.0,1.0,0.0,11.24,0.0
40,0.0,3.0,1.0,1.0,40.0,1.0,0.0,9.48,2.0
41,0.0,2.0,1.0,1.0,27.0,1.0,0.0,21.0,2.0
42,0.0,3.0,0.0,0.0,28.85,0.0,0.0,7.9,0.0
43,1.0,2.0,2.0,1.0,3.0,1.0,2.0,41.58,0.0
44,1.0,3.0,2.0,1.0,19.0,0.0,0.0,7.88,1.0
45,0.0,3.0,0.0,0.0,29.94,0.0,0.0,8.05,2.0
46,0.0,3.0,0.0,0.0,27.53,1.0,0.0,15.5,1.0
47,1.0,3.0,2.0,1.0,18.46,0.0,0.0,7.75,1.0
48,0.0,3.0,0.0,0.0,25.14,2.0,0.0,21.68,0.0
49,0.0,3.0,1.0,1.0,18.0,1.0,0.0,17.8,2.0
50,0.0,3.0,3.0,0.0,7.0,4.0,1.0,39.69,2.0
51,0.0,3.0,0.0,0.0,21.0,0.0,0.0,7.8,2.0
52,1.0,1.0,1.0,1.0,49.0,1.0,0.0,76.73,0.0
53,1.0,2.0,1.0,1.0,29.0,1.0,0.0,26.0,2.0
54,0.0,1.0,0.0,0.0,65.0,0.0,1.0,61.98,0.0
55,1.0,1.0,0.0,0.0,40.52,0.0,0.0,35.5,2.0
56,1.0,2.0,2.0,1.0,21.0,0.0,0.0,10.5,2.0
57,0.0,3.0,0.0,0.0,28.5,0.0,0.0,7.23,0.0
58,1.0,2.0,2.0,1.0,5.0,1.0,2.0,27.75,2.0
59,0.0,3.0,3.0,0.0,11.0,5.0,2.0,46.9,2.0
60,0.0,3.0,0.0,0.0,22.0,0.0,0.0,7.23,0.0
61,1.0,1.0,2.0,1.0,38.0,0.0,0.0,80.0,2.0
62,0.0,1.0,0.0,0.0,45.0,1.0,0.0,83.48,2.0
63,0.0,3.0,3.0,0.0,4.0,3.0,2.0,27.9,2.0
64,0.0,1.0,0.0,0.0,42.47,0.0,0.0,27.72,0.0
65,1.0,3.0,3.0,0.0,-0.06,1.0,1.0,15.25,0.0
66,1.0,2.0,1.0,1.0,29.0,0.0,0.0,10.5,2.0
67,0.0,3.0,0.0,0.0,19.0,0.0,0.0,8.16,2.0
68,1.0,3.0,2.0,1.0,17.0,4.0,2.0,7.92,2.0
69,0.0,3.0,0.0,0.0,26.0,2.0,0.0,8.66,2.0
70,0.0,2.0,0.0,0.0,32.0,0.0,0.0,10.5,2.0
71,0.0,3.0,2.0,1.0,16.0,5.0,2.0,46.9,2.0
72,0.0,2.0,0.0,0.0,21.0,0.0,0.0,73.5,2.0
73,0.0,3.0,0.0,0.0,26.0,1.0,0.0,14.45,0.0
74,1.0,3.0,0.0,0.0,32.0,0.0,0.0,56.5,2.0
75,0.0,3.0,0.0,0.0,25.0,0.0,0.0,7.65,2.0
76,0.0,3.0,0.0,0.0,29.94,0.0,0.0,7.9,2.0
77,0.0,3.0,0.0,0.0,29.94,0.0,0.0,8.05,2.0
78,1.0,2.0,3.0,0.0,0.83,0.0,2.0,29.0,2.0
79,1.0,3.0,2.0,1.0,30.0,0.0,0.0,12.48,2.0
80,0.0,3.0,0.0,0.0,22.0,0.0,0.0,9.0,2.0
81,1.0,3.0,0.0,0.0,29.0,0.0,0.0,9.5,2.0
82,1.0,3.0,2.0,1.0,18.46,0.0,0.0,7.79,1.0
83,0.0,1.0,0.0,0.0,28.0,0.0,0.0,47.1,2.0
84,1.0,2.0,2.0,1.0,17.0,0.0,0.0,10.5,2.0
85,1.0,3.0,1.0,1.0,33.0,3.0,0.0,15.85,2.0
86,0.0,3.0,0.0,0.0,16.0,1.0,3.0,34.38,2.0
87,0.0,3.0,0.0,0.0,29.94,0.0,0.0,8.05,2.0
88,1.0,1.0,2.0,1.0,23.0,3.0,2.0,263.0,2.0
89,0.0,3.0,0.0,0.0,24.0,0.0,0.0,8.05,2.0
90,0.0,3.0,0.0,0.0,29.0,0.0,0.0,8.05,2.0
91,0.0,3.0,0.0,0.0,20.0,0.0,0.0,7.85,2.0
92,0.0,1.0,0.0,0.0,46.0,1.0,0.0,61.18,2.0
93,0.0,3.0,0.0,0.0,26.0,1.0,2.0,20.58,2.0
94,0.0,3.0,0.0,0.0,59.0,0.0,0.0,7.25,2.0
95,0.0,3.0,0.0,0.0,29.94,0.0,0.0,8.05,2.0
96,0.0,1.0,0.0,0.0,71.0,0.0,0.0,34.65,0.0
97,1.0,1.0,0.0,0.0,23.0,0.0,1.0,63.36,0.0
98,1.0,2.0,1.0,1.0,34.0,0.0,1.0,23.0,2.0
99,0.0,2.0,0.0,0.0,34.0,1.0,0.0,26.0,2.0
100,0.0,3.0,2.0,1.0,28.0,0.0,0.0,7.9,2.0
101,0.0,3.0,0.0,0.0,29.94,0.0,0.0,7.9,2.0
102,0.0,1.0,0.0,0.0,21.0,0.0,1.0,77.29,2.0
103,0.0,3.0,0.0,0.0,33.0,0.0,0.0,8.65,2.0
104,0.0,3.0,0.0,0.0,37.0,2.0,0.0,7.92,2.0
105,0.0,3.0,0.0,0.0,28.0,0.0,0.0,7.9,2.0
106,1.0,3.0,2.0,1.0,21.0,0.0,0.0,7.65,2.0
107,1.0,3.0,0.0,0.0,27.0,0.0,0.0,7.78,2.0
108,0.0,3.0,0.0,0.0,38.0,0.0,0.0,7.9,2.0
109,1.0,3.0,2.0,1.0,16.5,1.0,0.0,24.15,1.0
110,0.0,1.0,0.0,0.0,47.0,0.0,0.0,52.0,2.0
111,0.0,3.0,2.0,1.0,14.5,1.0,0.0,14.45,0.0
112,0.0,3.0,0.0,0.0,22.0,0.0,0.0,8.05,2.0
113,0.0,3.0,2.0,1.0,20.0,1.0,0.0,9.82,2.0
114,0.0,3.0,2.0,1.0,17.0,0.0,0.0,14.46,0.0
115,0.0,3.0,0.0,0.0,21.0,0.0,0.0,7.92,2.0
116,0.0,3.0,0.0,0.0,70.5,0.0,0.0,7.75,1.0
117,0.0,2.0,0.0,0.0,29.0,1.0,0.0,21.0,2.0
118,0.0,1.0,0.0,0.0,24.0,0.0,1.0,247.52,0.0
119,0.0,3.0,2.0,1.0,2.0,4.0,2.0,31.28,2.0
120,0.0,2.0,0.0,0.0,21.0,2.0,0.0,73.5,2.0
121,0.0,3.0,0.0,0.0,29.94,0.0,0.0,8.05,2.0
122,0.0,2.0,0.0,0.0,32.5,1.0,0.0,30.07,0.0
123,1.0,2.0,2.0,1.0,32.5,0.0,0.0,13.0,2.0
124,0.0,1.0,0.0,0.0,54.0,0.0,1.0,77.29,2.0
125,1.0,3.0,3.0,0.0,12.0,1.0,0.0,11.24,0.0
126,0.0,3.0,0.0,0.0,29.4,0.0,0.0,7.75,1.0
127,1.0,3.0,0.0,0.0,24.0,0.0,0.0,7.14,2.0
128,1.0,3.0,2.0,1.0,15.91,1.0,1.0,22.36,0.0
129,0.0,3.0,0.0,0.0,45.0,0.0,0.0,6.98,2.0
130,0.0,3.0,0.0,0.0,33.0,0.0,0.0,7.9,0.0
131,0.0,3.0,0.0,0.0,20.0,0.0,0.0,7.05,2.0
132,0.0,3.0,1.0,1.0,47.0,1.0,0.0,14.5,2.0
133,1.0,2.0,1.0,1.0,29.0,1.0,0.0,26.0,2.0
134,0.0,2.0,0.0,0.0,25.0,0.0,0.0,13.0,2.0
135,0.0,2.0,0.0,0.0,23.0,0.0,0.0,15.05,0.0
136,1.0,1.0,2.0,1.0,19.0,0.0,2.0,26.28,2.0
137,0.0,1.0,0.0,0.0,37.0,1.0,0.0,53.1,2.0
138,0.0,3.0,0.0,0.0,16.0,0.0,0.0,9.22,2.0
139,0.0,1.0,0.0,0.0,24.0,0.0,0.0,79.2,0.0
140,0.0,3.0,1.0,1.0,28.65,0.0,2.0,15.25,0.0
141,1.0,3.0,2.0,1.0,22.0,0.0,0.0,7.75,2.0
142,1.0,3.0,1.0,1.0,24.0,1.0,0.0,15.85,2.0
143,0.0,3.0,0.0,0.0,19.0,0.0,0.0,6.75,1.0
144,0.0,2.0,0.0,0.0,18.0,0.0,0.0,11.5,2.0
145,0.0,2.0,0.0,0.0,19.0,1.0,1.0,36.75,2.0
146,1.0,3.0,0.0,0.0,27.0,0.0,0.0,7.8,2.0
147,0.0,3.0,2.0,1.0,9.0,2.0,2.0,34.38,2.0
148,0.0,2.0,0.0,0.0,36.5,0.0,2.0,26.0,2.0
149,0.0,2.0,0.0,0.0,42.0,0.0,0.0,13.0,2.0
150,0.0,2.0,0.0,0.0,51.0,0.0,0.0,12.52,2.0
151,1.0,1.0,1.0,1.0,22.0,1.0,0.0,66.6,2.0
152,0.0,3.0,0.0,0.0,55.5,0.0,0.0,8.05,2.0
153,0.0,3.0,0.0,0.0,40.5,0.0,2.0,14.5,2.0
154,0.0,3.0,0.0,0.0,29.95,0.0,0.0,7.31,2.0
155,0.0,1.0,0.0,0.0,51.0,0.0,1.0,61.38,0.0
156,1.0,3.0,2.0,1.0,16.0,0.0,0.0,7.73,1.0
157,0.0,3.0,0.0,0.0,30.0,0.0,0.0,8.05,2.0
158,0.0,3.0,0.0,0.0,29.93,0.0,0.0,8.66,2.0
159,0.0,3.0,3.0,0.0,-9.16,8.0,2.0,69.55,2.0
160,0.0,3.0,0.0,0.0,44.0,0.0,1.0,16.1,2.0
161,1.0,2.0,1.0,1.0,40.0,0.0,0.0,15.75,2.0
162,0.0,3.0,0.0,0.0,26.0,0.0,0.0,7.78,2.0
163,0.0,3.0,0.0,0.0,17.0,0.0,0.0,8.66,2.0
164,0.0,3.0,3.0,0.0,1.0,4.0,1.0,39.69,2.0
165,1.0,3.0,3.0,0.0,9.0,0.0,2.0,20.52,2.0
166,1.0,1.0,1.0,1.0,40.26,0.0,1.0,55.0,2.0
167,0.0,3.0,1.0,1.0,45.0,1.0,4.0,27.9,2.0
168,0.0,1.0,0.0,0.0,43.58,0.0,0.0,25.92,2.0
169,0.0,3.0,0.0,0.0,28.0,0.0,0.0,56.5,2.0
170,0.0,1.0,0.0,0.0,61.0,0.0,0.0,33.5,2.0
171,0.0,3.0,3.0,0.0,4.0,4.0,1.0,29.12,1.0
172,1.0,3.0,2.0,1.0,1.0,1.0,1.0,11.13,2.0
173,0.0,3.0,0.0,0.0,21.0,0.0,0.0,7.92,2.0
174,0.0,1.0,0.0,0.0,56.0,0.0,0.0,30.7,0.0
175,0.0,3.0,0.0,0.0,18.0,1.0,1.0,7.85,2.0
176,0.0,3.0,3.0,0.0,0.3,3.0,1.0,25.47,2.0
177,0.0,1.0,2.0,1.0,50.0,0.0,0.0,28.71,0.0
178,0.0,2.0,0.0,0.0,30.0,0.0,0.0,13.0,2.0
179,0.0,3.0,0.0,0.0,36.0,0.0,0.0,0.0,2.0
180,0.0,3.0,2.0,1.0,6.89,8.0,2.0,69.55,2.0
181,0.0,2.0,0.0,0.0,35.69,0.0,0.0,15.05,0.0
182,0.0,3.0,3.0,0.0,9.0,4.0,2.0,31.39,2.0
183,1.0,2.0,3.0,0.0,1.0,2.0,1.0,39.0,2.0
184,1.0,3.0,2.0,1.0,4.0,0.0,2.0,22.02,2.0
185,0.0,1.0,0.0,0.0,43.31,0.0,0.0,50.0,2.0
186,1.0,3.0,1.0,1.0,24.61,1.0,0.0,15.5,1.0
187,1.0,1.0,0.0,0.0,45.0,0.0,0.0,26.55,2.0
188,0.0,3.0,0.0,0.0,40.0,1.0,1.0,15.5,1.0
189,0.0,3.0,0.0,0.0,36.0,0.0,0.0,7.9,2.0
190,1.0,2.0,1.0,1.0,32.0,0.0,0.0,13.0,2.0
191,0.0,2.0,0.0,0.0,19.0,0.0,0.0,13.0,2.0
192,1.0,3.0,2.0,1.0,19.0,1.0,0.0,7.85,2.0
193,1.0,2.0,3.0,0.0,3.0,1.0,1.0,26.0,2.0
194,1.0,1.0,1.0,1.0,44.0,0.0,0.0,27.72,0.0
195,1.0,1.0,2.0,1.0,58.0,0.0,0.0,146.52,0.0
196,0.0,3.0,0.0,0.0,29.4,0.0,0.0,7.75,1.0
197,0.0,3.0,0.0,0.0,42.0,0.0,1.0,8.4,2.0
198,1.0,3.0,2.0,1.0,18.46,0.0,0.0,7.75,1.0
199,0.0,2.0,2.0,1.0,24.0,0.0,0.0,13.0,2.0
200,0.0,3.0,0.0,0.0,28.0,0.0,0.0,9.5,2.0
201,0.0,3.0,0.0,0.0,14.88,8.0,2.0,69.55,2.0
202,0.0,3.0,0.0,0.0,34.0,0.0,0.0,6.5,2.0
203,0.0,3.0,0.0,0.0,45.5,0.0,0.0,7.22,0.0
204,1.0,3.0,0.0,0.0,18.0,0.0,0.0,8.05,2.0
205,0.0,3.0,2.0,1.0,2.0,0.0,1.0,10.46,2.0
206,0.0,3.0,0.0,0.0,32.0,1.0,0.0,15.85,2.0
207,1.0,3.0,0.0,0.0,26.0,0.0,0.0,18.79,0.0
208,1.0,3.0,2.0,1.0,16.0,0.0,0.0,7.75,1.0
209,1.0,1.0,0.0,0.0,40.0,0.0,0.0,31.0,0.0
210,0.0,3.0,0.0,0.0,24.0,0.0,0.0,7.05,2.0
211,1.0,2.0,2.0,1.0,35.0,0.0,0.0,21.0,2.0
212,0.0,3.0,0.0,0.0,22.0,0.0,0.0,7.25,2.0
213,0.0,2.0,0.0,0.0,30.0,0.0,0.0,13.0,2.0
214,0.0,3.0,0.0,0.0,27.62,1.0,0.0,7.75,1.0
215,1.0,1.0,2.0,1.0,31.0,1.0,0.0,113.28,0.0
216,1.0,3.0,2.0,1.0,27.0,0.0,0.0,7.92,2.0
217,0.0,2.0,0.0,0.0,42.0,1.0,0.0,27.0,2.0
218,1.0,1.0,2.0,1.0,32.0,0.0,0.0,76.29,0.0
219,0.0,2.0,0.0,0.0,30.0,0.0,0.0,10.5,2.0
220,1.0,3.0,0.0,0.0,16.0,0.0,0.0,8.05,2.0
221,0.0,2.0,0.0,0.0,27.0,0.0,0.0,13.0,2.0
222,0.0,3.0,0.0,0.0,51.0,0.0,0.0,8.05,2.0
223,0.0,3.0,0.0,0.0,29.94,0.0,0.0,7.9,2.0
224,1.0,1.0,0.0,0.0,38.0,1.0,0.0,90.0,2.0
225,0.0,3.0,0.0,0.0,22.0,0.0,0.0,9.35,2.0
226,1.0,2.0,0.0,0.0,19.0,0.0,0.0,10.5,2.0
227,0.0,3.0,0.0,0.0,20.5,0.0,0.0,7.25,2.0
228,0.0,2.0,0.0,0.0,18.0,0.0,0.0,13.0,2.0
229,0.0,3.0,2.0,1.0,16.35,3.0,1.0,25.47,2.0
230,1.0,1.0,1.0,1.0,35.0,1.0,0.0,83.48,2.0
231,0.0,3.0,0.0,0.0,29.0,0.0,0.0,7.78,2.0
232,0.0,2.0,0.0,0.0,59.0,0.0,0.0,13.5,2.0
233,1.0,3.0,2.0,1.0,5.0,4.0,2.0,31.39,2.0
234,0.0,2.0,0.0,0.0,24.0,0.0,0.0,10.5,2.0
235,0.0,3.0,2.0,1.0,21.95,0.0,0.0,7.55,2.0
236,0.0,2.0,0.0,0.0,44.0,1.0,0.0,26.0,2.0
237,1.0,2.0,2.0,1.0,8.0,0.0,2.0,26.25,2.0
238,0.0,2.0,0.0,0.0,19.0,0.0,0.0,10.5,2.0
239,0.0,2.0,0.0,0.0,33.0,0.0,0.0,12.28,2.0
240,0.0,3.0,2.0,1.0,19.01,1.0,0.0,14.45,0.0
241,1.0,3.0,2.0,1.0,16.6,1.0,0.0,15.5,1.0
242,0.0,2.0,0.0,0.0,29.0,0.0,0.0,10.5,2.0
243,0.0,3.0,0.0,0.0,22.0,0.0,0.0,7.12,2.0
244,0.0,3.0,0.0,0.0,30.0,0.0,0.0,7.22,0.0
245,0.0,1.0,0.0,0.0,44.0,2.0,0.0,90.0,1.0
246,0.0,3.0,2.0,1.0,25.0,0.0,0.0,7.78,2.0
247,1.0,2.0,1.0,1.0,24.0,0.0,2.0,14.5,2.0
248,1.0,1.0,0.0,0.0,37.0,1.0,1.0,52.55,2.0
249,0.0,2.0,0.0,0.0,54.0,1.0,0.0,26.0,2.0
250,0.0,3.0,0.0,0.0,29.95,0.0,0.0,7.25,2.0
251,0.0,3.0,1.0,1.0,29.0,1.0,1.0,10.46,2.0
252,0.0,1.0,0.0,0.0,62.0,0.0,0.0,26.55,2.0
253,0.0,3.0,0.0,0.0,30.0,1.0,0.0,16.1,2.0
254,0.0,3.0,1.0,1.0,41.0,0.0,2.0,20.21,2.0
255,1.0,3.0,1.0,1.0,29.0,0.0,2.0,15.25,0.0
256,1.0,1.0,1.0,1.0,38.97,0.0,0.0,79.2,0.0
257,1.0,1.0,2.0,1.0,30.0,0.0,0.0,86.5,2.0
258,1.0,1.0,2.0,1.0,35.0,0.0,0.0,512.33,0.0
259,1.0,2.0,1.0,1.0,50.0,0.0,1.0,26.0,2.0
260,0.0,3.0,0.0,0.0,29.4,0.0,0.0,7.75,1.0
261,1.0,3.0,3.0,0.0,3.0,4.0,2.0,31.39,2.0
262,0.0,1.0,0.0,0.0,52.0,1.0,1.0,79.65,2.0
263,0.0,1.0,0.0,0.0,40.0,0.0,0.0,0.0,2.0
264,0.0,3.0,2.0,1.0,21.41,0.0,0.0,7.75,1.0
265,0.0,2.0,0.0,0.0,36.0,0.0,0.0,10.5,2.0
266,0.0,3.0,0.0,0.0,16.0,4.0,1.0,39.69,2.0
267,1.0,3.0,0.0,0.0,25.0,1.0,0.0,7.78,2.0
268,1.0,1.0,1.0,1.0,58.0,0.0,1.0,153.46,2.0
269,1.0,1.0,2.0,1.0,35.0,0.0,0.0,135.63,2.0
270,0.0,1.0,0.0,0.0,43.52,0.0,0.0,31.0,2.0
271,1.0,3.0,0.0,0.0,25.0,0.0,0.0,0.0,2.0
272,1.0,2.0,1.0,1.0,41.0,0.0,1.0,19.5,2.0
273,0.0,1.0,0.0,0.0,37.0,0.0,1.0,29.7,0.0
274,1.0,3.0,2.0,1.0,18.46,0.0,0.0,7.75,1.0
275,1.0,1.0,2.0,1.0,63.0,1.0,0.0,77.96,2.0
276,0.0,3.0,2.0,1.0,45.0,0.0,0.0,7.75,2.0
277,0.0,2.0,0.0,0.0,36.95,0.0,0.0,0.0,2.0
278,0.0,3.0,3.0,0.0,7.0,4.0,1.0,29.12,1.0
279,1.0,3.0,1.0,1.0,35.0,1.0,1.0,20.25,2.0
280,0.0,3.0,0.0,0.0,65.0,0.0,0.0,7.75,1.0
281,0.0,3.0,0.0,0.0,28.0,0.0,0.0,7.85,2.0
282,0.0,3.0,0.0,0.0,16.0,0.0,0.0,9.5,2.0
283,1.0,3.0,0.0,0.0,19.0,0.0,0.0,8.05,2.0
284,0.0,1.0,0.0,0.0,43.57,0.0,0.0,26.0,2.0
285,0.0,3.0,0.0,0.0,33.0,0.0,0.0,8.66,0.0
286,1.0,3.0,0.0,0.0,30.0,0.0,0.0,9.5,2.0
287,0.0,3.0,0.0,0.0,22.0,0.0,0.0,7.9,2.0
288,1.0,2.0,0.0,0.0,42.0,0.0,0.0,13.0,2.0
289,1.0,3.0,2.0,1.0,22.0,0.0,0.0,7.75,1.0
290,1.0,1.0,2.0,1.0,26.0,0.0,0.0,78.85,2.0
291,1.0,1.0,1.0,1.0,19.0,1.0,0.0,91.08,0.0
292,0.0,2.0,0.0,0.0,36.0,0.0,0.0,12.88,0.0
293,0.0,3.0,2.0,1.0,24.0,0.0,0.0,8.85,2.0
294,0.0,3.0,0.0,0.0,24.0,0.0,0.0,7.9,2.0
295,0.0,1.0,0.0,0.0,42.47,0.0,0.0,27.72,0.0
296,0.0,3.0,0.0,0.0,23.5,0.0,0.0,7.23,0.0
297,0.0,1.0,2.0,1.0,2.0,1.0,2.0,151.55,2.0
298,1.0,1.0,0.0,0.0,40.58,0.0,0.0,30.5,2.0
299,1.0,1.0,1.0,1.0,50.0,0.0,1.0,247.52,0.0
300,1.0,3.0,2.0,1.0,18.46,0.0,0.0,7.75,1.0
301,1.0,3.0,0.0,0.0,22.72,2.0,0.0,23.25,1.0
302,0.0,3.0,0.0,0.0,19.0,0.0,0.0,0.0,2.0
303,1.0,2.0,2.0,1.0,25.33,0.0,0.0,12.35,1.0
304,0.0,3.0,0.0,0.0,29.94,0.0,0.0,8.05,2.0
305,1.0,1.0,3.0,0.0,0.92,1.0,2.0,151.55,2.0
306,1.0,1.0,2.0,1.0,30.6,0.0,0.0,110.88,0.0
307,1.0,1.0,1.0,1.0,17.0,1.0,0.0,108.9,0.0
308,0.0,2.0,0.0,0.0,30.0,1.0,0.0,24.0,0.0
309,1.0,1.0,2.0,1.0,30.0,0.0,0.0,56.93,0.0
310,1.0,1.0,2.0,1.0,24.0,0.0,0.0,83.16,0.0
311,1.0,1.0,2.0,1.0,18.0,2.0,2.0,262.38,0.0
312,0.0,2.0,1.0,1.0,26.0,1.0,1.0,26.0,2.0
313,0.0,3.0,0.0,0.0,28.0,0.0,0.0,7.9,2.0
314,0.0,2.0,0.0,0.0,43.0,1.0,1.0,26.25,2.0
315,1.0,3.0,2.0,1.0,26.0,0.0,0.0,7.85,2.0
316,1.0,2.0,1.0,1.0,24.0,1.0,0.0,26.0,2.0
317,0.0,2.0,0.0,0.0,54.0,0.0,0.0,14.0,2.0
318,1.0,1.0,2.0,1.0,31.0,0.0,2.0,164.87,2.0
319,1.0,1.0,1.0,1.0,40.0,1.0,1.0,134.5,0.0
320,0.0,3.0,0.0,0.0,22.0,0.0,0.0,7.25,2.0
321,0.0,3.0,0.0,0.0,27.0,0.0,0.0,7.9,2.0
322,1.0,2.0,2.0,1.0,30.0,0.0,0.0,12.35,1.0
323,1.0,2.0,1.0,1.0,22.0,1.0,1.0,29.0,2.0
324,0.0,3.0,0.0,0.0,14.88,8.0,2.0,69.55,2.0
325,1.0,1.0,2.0,1.0,36.0,0.0,0.0,135.63,0.0
326,0.0,3.0,0.0,0.0,61.0,0.0,0.0,6.24,2.0
327,1.0,2.0,1.0,1.0,36.0,0.0,0.0,13.0,2.0
328,1.0,3.0,1.0,1.0,31.0,1.0,1.0,20.52,2.0
329,1.0,1.0,2.0,1.0,16.0,0.0,1.0,57.98,0.0
330,1.0,3.0,2.0,1.0,14.73,2.0,0.0,23.25,1.0
331,0.0,1.0,0.0,0.0,45.5,0.0,0.0,28.5,2.0
332,0.0,1.0,0.0,0.0,38.0,0.0,1.0,153.46,2.0
333,0.0,3.0,0.0,0.0,16.0,2.0,0.0,18.0,2.0
334,1.0,1.0,1.0,1.0,37.67,1.0,0.0,133.65,2.0
335,0.0,3.0,0.0,0.0,29.94,0.0,0.0,7.9,2.0
336,0.0,1.0,0.0,0.0,29.0,1.0,0.0,66.6,2.0
337,1.0,1.0,2.0,1.0,41.0,0.0,0.0,134.5,0.0
338,1.0,3.0,0.0,0.0,45.0,0.0,0.0,8.05,2.0
339,0.0,1.0,0.0,0.0,45.0,0.0,0.0,35.5,2.0
340,1.0,2.0,3.0,0.0,2.0,1.0,1.0,26.0,2.0
341,1.0,1.0,2.0,1.0,24.0,3.0,2.0,263.0,2.0
342,0.0,2.0,0.0,0.0,28.0,0.0,0.0,13.0,2.0
343,0.0,2.0,0.0,0.0,25.0,0.0,0.0,13.0,2.0
344,0.0,2.0,0.0,0.0,36.0,0.0,0.0,13.0,2.0
345,1.0,2.0,2.0,1.0,24.0,0.0,0.0,13.0,2.0
346,1.0,2.0,2.0,1.0,40.0,0.0,0.0,13.0,2.0
347,1.0,3.0,1.0,1.0,25.15,1.0,0.0,16.1,2.0
348,1.0,3.0,3.0,0.0,3.0,1.0,1.0,15.9,2.0
349,0.0,3.0,0.0,0.0,42.0,0.0,0.0,8.66,2.0
350,0.0,3.0,0.0,0.0,23.0,0.0,0.0,9.22,2.0
351,0.0,1.0,0.0,0.0,43.47,0.0,0.0,35.0,2.0
352,0.0,3.0,0.0,0.0,15.0,1.0,1.0,7.23,0.0
353,0.0,3.0,0.0,0.0,25.0,1.0,0.0,17.8,2.0
354,0.0,3.0,0.0,0.0,28.86,0.0,0.0,7.22,0.0
355,0.0,3.0,0.0,0.0,28.0,0.0,0.0,9.5,2.0
356,1.0,1.0,2.0,1.0,22.0,0.0,1.0,55.0,2.0
357,0.0,2.0,2.0,1.0,38.0,0.0,0.0,13.0,2.0
358,1.0,3.0,2.0,1.0,18.46,0.0,0.0,7.88,1.0
359,1.0,3.0,2.0,1.0,18.46,0.0,0.0,7.88,1.0
360,0.0,3.0,0.0,0.0,40.0,1.0,4.0,27.9,2.0
361,0.0,2.0,0.0,0.0,29.0,1.0,0.0,27.72,0.0
362,0.0,3.0,1.0,1.0,45.0,0.0,1.0,14.45,0.0
363,0.0,3.0,0.0,0.0,35.0,0.0,0.0,7.05,2.0
364,0.0,3.0,0.0,0.0,27.53,1.0,0.0,15.5,1.0
365,0.0,3.0,0.0,0.0,30.0,0.0,0.0,7.25,2.0
366,1.0,1.0,1.0,1.0,60.0,1.0,0.0,75.25,0.0
367,1.0,3.0,1.0,1.0,25.94,0.0,0.0,7.23,0.0
368,1.0,3.0,2.0,1.0,18.46,0.0,0.0,7.75,1.0
369,1.0,1.0,1.0,1.0,24.0,0.0,0.0,69.3,0.0
370,1.0,1.0,0.0,0.0,25.0,1.0,0.0,55.44,0.0
371,0.0,3.0,0.0,0.0,18.0,1.0,0.0,6.5,2.0
372,0.0,3.0,0.0,0.0,19.0,0.0,0.0,8.05,2.0
373,0.0,1.0,0.0,0.0,22.0,0.0,0.0,135.63,0.0
374,0.0,3.0,2.0,1.0,3.0,3.0,1.0,21.08,2.0
375,1.0,1.0,1.0,1.0,37.15,1.0,0.0,82.17,0.0
376,1.0,3.0,2.0,1.0,22.0,0.0,0.0,7.25,2.0
377,0.0,1.0,0.0,0.0,27.0,0.0,2.0,211.5,0.0
378,0.0,3.0,0.0,0.0,20.0,0.0,0.0,4.01,0.0
379,0.0,3.0,0.0,0.0,19.0,0.0,0.0,7.78,2.0
380,1.0,1.0,2.0,1.0,42.0,0.0,0.0,227.52,0.0
381,1.0,3.0,2.0,1.0,1.0,0.0,2.0,15.74,0.0
382,0.0,3.0,0.0,0.0,32.0,0.0,0.0,7.92,2.0
383,1.0,1.0,1.0,1.0,35.0,1.0,0.0,52.0,2.0
384,0.0,3.0,0.0,0.0,29.94,0.0,0.0,7.9,2.0
385,0.0,2.0,0.0,0.0,18.0,0.0,0.0,73.5,2.0
386,0.0,3.0,3.0,0.0,1.0,5.0,2.0,46.9,2.0
387,1.0,2.0,2.0,1.0,36.0,0.0,0.0,13.0,2.0
388,0.0,3.0,0.0,0.0,29.4,0.0,0.0,7.73,1.0
389,1.0,2.0,2.0,1.0,17.0,0.0,0.0,12.0,0.0
390,1.0,1.0,0.0,0.0,36.0,1.0,2.0,120.0,2.0
391,1.0,3.0,0.0,0.0,21.0,0.0,0.0,7.8,2.0
392,0.0,3.0,0.0,0.0,28.0,2.0,0.0,7.92,2.0
393,1.0,1.0,2.0,1.0,23.0,1.0,0.0,113.28,0.0
394,1.0,3.0,1.0,1.0,24.0,0.0,2.0,16.7,2.0
395,0.0,3.0,0.0,0.0,22.0,0.0,0.0,7.8,2.0
396,0.0,3.0,2.0,1.0,31.0,0.0,0.0,7.85,2.0
397,0.0,2.0,0.0,0.0,46.0,0.0,0.0,26.0,2.0
398,0.0,2.0,0.0,0.0,23.0,0.0,0.0,10.5,2.0
399,1.0,2.0,1.0,1.0,28.0,0.0,0.0,12.65,2.0
400,1.0,3.0,0.0,0.0,39.0,0.0,0.0,7.92,2.0
401,0.0,3.0,0.0,0.0,26.0,0.0,0.0,8.05,2.0
402,0.0,3.0,2.0,1.0,21.0,1.0,0.0,9.82,2.0
403,0.0,3.0,0.0,0.0,28.0,1.0,0.0,15.85,2.0
404,0.0,3.0,2.0,1.0,20.0,0.0,0.0,8.66,2.0
405,0.0,2.0,0.0,0.0,34.0,1.0,0.0,21.0,2.0
406,0.0,3.0,0.0,0.0,51.0,0.0,0.0,7.75,2.0
407,1.0,2.0,3.0,0.0,3.0,1.0,1.0,18.75,2.0
408,0.0,3.0,0.0,0.0,21.0,0.0,0.0,7.78,2.0
409,0.0,3.0,2.0,1.0,16.35,3.0,1.0,25.47,2.0
410,0.0,3.0,0.0,0.0,29.94,0.0,0.0,7.9,2.0
411,0.0,3.0,0.0,0.0,29.41,0.0,0.0,6.86,1.0
412,1.0,1.0,2.0,1.0,33.0,1.0,0.0,90.0,1.0
413,0.0,2.0,0.0,0.0,36.95,0.0,0.0,0.0,2.0
414,1.0,3.0,0.0,0.0,44.0,0.0,0.0,7.92,2.0
415,0.0,3.0,1.0,1.0,29.96,0.0,0.0,8.05,2.0
416,1.0,2.0,1.0,1.0,34.0,1.0,1.0,32.5,2.0
417,1.0,2.0,2.0,1.0,18.0,0.0,2.0,13.0,2.0
418,0.0,2.0,0.0,0.0,30.0,0.0,0.0,13.0,2.0
419,0.0,3.0,2.0,1.0,10.0,0.0,2.0,24.15,2.0
420,0.0,3.0,0.0,0.0,28.85,0.0,0.0,7.9,0.0
421,0.0,3.0,0.0,0.0,21.0,0.0,0.0,7.73,1.0
422,0.0,3.0,0.0,0.0,29.0,0.0,0.0,7.88,2.0
423,0.0,3.0,1.0,1.0,28.0,1.0,1.0,14.4,2.0
424,0.0,3.0,0.0,0.0,18.0,1.0,1.0,20.21,2.0
425,0.0,3.0,0.0,0.0,29.95,0.0,0.0,7.25,2.0
426,1.0,2.0,1.0,1.0,28.0,1.0,0.0,26.0,2.0
427,1.0,2.0,2.0,1.0,19.0,0.0,0.0,26.0,2.0
428,0.0,3.0,0.0,0.0,29.4,0.0,0.0,7.75,1.0
429,1.0,3.0,0.0,0.0,32.0,0.0,0.0,8.05,2.0
430,1.0,1.0,0.0,0.0,28.0,0.0,0.0,26.55,2.0
431,1.0,3.0,1.0,1.0,25.15,1.0,0.0,16.1,2.0
432,1.0,2.0,1.0,1.0,42.0,1.0,0.0,26.0,2.0
433,0.0,3.0,0.0,0.0,17.0,0.0,0.0,7.12,2.0
434,0.0,1.0,0.0,0.0,50.0,1.0,0.0,55.9,2.0
435,1.0,1.0,2.0,1.0,14.0,1.0,2.0,120.0,2.0
436,0.0,3.0,2.0,1.0,21.0,2.0,2.0,34.38,2.0
437,1.0,2.0,1.0,1.0,24.0,2.0,3.0,18.75,2.0
438,0.0,1.0,0.0,0.0,64.0,1.0,4.0,263.0,2.0
439,0.0,2.0,0.0,0.0,31.0,0.0,0.0,10.5,2.0
440,1.0,2.0,1.0,1.0,45.0,1.0,1.0,26.25,2.0
441,0.0,3.0,0.0,0.0,20.0,0.0,0.0,9.5,2.0
442,0.0,3.0,0.0,0.0,25.0,1.0,0.0,7.78,2.0
443,1.0,2.0,2.0,1.0,28.0,0.0,0.0,13.0,2.0
444,1.0,3.0,0.0,0.0,27.0,0.0,0.0,8.11,2.0
445,1.0,1.0,3.0,0.0,4.0,0.0,2.0,81.86,2.0
446,1.0,2.0,2.0,1.0,13.0,0.0,1.0,19.5,2.0
447,1.0,1.0,0.0,0.0,34.0,0.0,0.0,26.55,2.0
448,1.0,3.0,2.0,1.0,5.0,2.0,1.0,19.26,0.0
449,1.0,1.0,0.0,0.0,52.0,0.0,0.0,30.5,2.0
450,0.0,2.0,0.0,0.0,36.0,1.0,2.0,27.75,2.0
451,0.0,3.0,0.0,0.0,28.03,1.0,0.0,19.97,2.0
452,0.0,1.0,0.0,0.0,30.0,0.0,0.0,27.75,0.0
453,1.0,1.0,0.0,0.0,49.0,1.0,0.0,89.1,0.0
454,0.0,3.0,0.0,0.0,29.94,0.0,0.0,8.05,2.0
455,1.0,3.0,0.0,0.0,29.0,0.0,0.0,7.9,0.0
456,0.0,1.0,0.0,0.0,65.0,0.0,0.0,26.55,2.0
457,1.0,1.0,1.0,1.0,38.58,1.0,0.0,51.86,2.0
458,1.0,2.0,2.0,1.0,50.0,0.0,0.0,10.5,2.0
459,0.0,3.0,0.0,0.0,29.4,0.0,0.0,7.75,1.0
460,1.0,1.0,0.0,0.0,48.0,0.0,0.0,26.55,2.0
461,0.0,3.0,0.0,0.0,34.0,0.0,0.0,8.05,2.0
462,0.0,1.0,0.0,0.0,47.0,0.0,0.0,38.5,2.0
463,0.0,2.0,0.0,0.0,48.0,0.0,0.0,13.0,2.0
464,0.0,3.0,0.0,0.0,29.94,0.0,0.0,8.05,2.0
465,0.0,3.0,0.0,0.0,38.0,0.0,0.0,7.05,2.0
466,0.0,2.0,0.0,0.0,36.95,0.0,0.0,0.0,2.0
467,0.0,1.0,0.0,0.0,56.0,0.0,0.0,26.55,2.0
468,0.0,3.0,0.0,0.0,29.4,0.0,0.0,7.72,1.0
469,1.0,3.0,2.0,1.0,0.75,2.0,1.0,19.26,0.0
470,0.0,3.0,0.0,0.0,29.95,0.0,0.0,7.25,2.0
471,0.0,3.0,0.0,0.0,38.0,0.0,0.0,8.66,2.0
472,1.0,2.0,1.0,1.0,33.0,1.0,2.0,27.75,2.0
473,1.0,2.0,1.0,1.0,23.0,0.0,0.0,13.79,0.0
474,0.0,3.0,2.0,1.0,22.0,0.0,0.0,9.84,2.0
475,0.0,1.0,0.0,0.0,43.28,0.0,0.0,52.0,2.0
476,0.0,2.0,0.0,0.0,34.0,1.0,0.0,21.0,2.0
477,0.0,3.0,0.0,0.0,29.0,1.0,0.0,7.05,2.0
478,0.0,3.0,0.0,0.0,22.0,0.0,0.0,7.52,2.0
479,1.0,3.0,2.0,1.0,2.0,0.0,1.0,12.29,2.0
480,0.0,3.0,3.0,0.0,9.0,5.0,2.0,46.9,2.0
481,0.0,2.0,0.0,0.0,36.95,0.0,0.0,0.0,2.0
482,0.0,3.0,0.0,0.0,50.0,0.0,0.0,8.05,2.0
483,1.0,3.0,1.0,1.0,63.0,0.0,0.0,9.59,2.0
484,1.0,1.0,0.0,0.0,25.0,1.0,0.0,91.08,0.0
485,0.0,3.0,2.0,1.0,16.35,3.0,1.0,25.47,2.0
486,1.0,1.0,1.0,1.0,35.0,1.0,0.0,90.0,2.0
487,0.0,1.0,0.0,0.0,58.0,0.0,0.0,29.7,0.0
488,0.0,3.0,0.0,0.0,30.0,0.0,0.0,8.05,2.0
489,1.0,3.0,3.0,0.0,9.0,1.0,1.0,15.9,2.0
490,0.0,3.0,0.0,0.0,28.03,1.0,0.0,19.97,2.0
491,0.0,3.0,0.0,0.0,21.0,0.0,0.0,7.25,2.0
492,0.0,1.0,0.0,0.0,55.0,0.0,0.0,30.5,2.0
493,0.0,1.0,0.0,0.0,71.0,0.0,0.0,49.5,0.0
494,0.0,3.0,0.0,0.0,21.0,0.0,0.0,8.05,2.0
495,0.0,3.0,0.0,0.0,28.78,0.0,0.0,14.46,0.0
496,1.0,1.0,2.0,1.0,54.0,1.0,0.0,78.27,0.0
497,0.0,3.0,0.0,0.0,29.86,0.0,0.0,15.1,2.0
498,0.0,1.0,1.0,1.0,25.0,1.0,2.0,151.55,2.0
499,0.0,3.0,0.0,0.0,24.0,0.0,0.0,7.8,2.0
500,0.0,3.0,0.0,0.0,17.0,0.0,0.0,8.66,2.0
501,0.0,3.0,2.0,1.0,21.0,0.0,0.0,7.75,1.0
502,0.0,3.0,2.0,1.0,21.41,0.0,0.0,7.63,1.0
503,0.0,3.0,2.0,1.0,37.0,0.0,0.0,9.59,2.0
504,1.0,1.0,2.0,1.0,16.0,0.0,0.0,86.5,2.0
505,0.0,1.0,0.0,0.0,18.0,1.0,0.0,108.9,0.0
506,1.0,2.0,1.0,1.0,33.0,0.0,2.0,26.0,2.0
507,1.0,1.0,0.0,0.0,40.63,0.0,0.0,26.55,2.0
508,0.0,3.0,0.0,0.0,28.0,0.0,0.0,22.52,2.0
509,1.0,3.0,0.0,0.0,26.0,0.0,0.0,56.5,2.0
510,1.0,3.0,0.0,0.0,29.0,0.0,0.0,7.75,1.0
511,0.0,3.0,0.0,0.0,29.94,0.0,0.0,8.05,2.0
512,1.0,1.0,0.0,0.0,36.0,0.0,0.0,26.29,2.0
513,1.0,1.0,1.0,1.0,54.0,1.0,0.0,59.4,0.0
514,0.0,3.0,0.0,0.0,24.0,0.0,0.0,7.5,2.0
515,0.0,1.0,0.0,0.0,47.0,0.0,0.0,34.02,2.0
516,1.0,2.0,1.0,1.0,34.0,0.0,0.0,10.5,2.0
517,0.0,3.0,0.0,0.0,29.21,0.0,0.0,24.15,1.0
518,1.0,2.0,1.0,1.0,36.0,1.0,0.0,26.0,2.0
519,0.0,3.0,0.0,0.0,32.0,0.0,0.0,7.9,2.0
520,1.0,1.0,2.0,1.0,30.0,0.0,0.0,93.5,2.0
521,0.0,3.0,0.0,0.0,22.0,0.0,0.0,7.9,2.0
522,0.0,3.0,0.0,0.0,28.86,0.0,0.0,7.22,0.0
523,1.0,1.0,1.0,1.0,44.0,0.0,1.0,57.98,0.0
524,0.0,3.0,0.0,0.0,28.86,0.0,0.0,7.23,0.0
525,0.0,3.0,0.0,0.0,40.5,0.0,0.0,7.75,1.0
526,1.0,2.0,2.0,1.0,50.0,0.0,0.0,10.5,2.0
527,0.0,1.0,0.0,0.0,41.38,0.0,0.0,221.78,2.0
528,0.0,3.0,0.0,0.0,39.0,0.0,0.0,7.92,2.0
529,0.0,2.0,0.0,0.0,23.0,2.0,1.0,11.5,2.0
530,1.0,2.0,2.0,1.0,2.0,1.0,1.0,26.0,2.0
531,0.0,3.0,0.0,0.0,28.86,0.0,0.0,7.23,0.0
532,0.0,3.0,0.0,0.0,17.0,1.0,1.0,7.23,0.0
533,1.0,3.0,1.0,1.0,25.63,0.0,2.0,22.36,0.0
534,0.0,3.0,2.0,1.0,30.0,0.0,0.0,8.66,2.0
535,1.0,2.0,2.0,1.0,7.0,0.0,2.0,26.25,2.0
536,0.0,1.0,0.0,0.0,45.0,0.0,0.0,26.55,2.0
537,1.0,1.0,2.0,1.0,30.0,0.0,0.0,106.42,0.0
538,0.0,3.0,0.0,0.0,29.87,0.0,0.0,14.5,2.0
539,1.0,1.0,2.0,1.0,22.0,0.0,2.0,49.5,0.0
540,1.0,1.0,2.0,1.0,36.0,0.0,2.0,71.0,2.0
541,0.0,3.0,2.0,1.0,9.0,4.0,2.0,31.28,2.0
542,0.0,3.0,2.0,1.0,11.0,4.0,2.0,31.28,2.0
543,1.0,2.0,0.0,0.0,32.0,1.0,0.0,26.0,2.0
544,0.0,1.0,0.0,0.0,50.0,1.0,0.0,106.42,0.0
545,0.0,1.0,0.0,0.0,64.0,0.0,0.0,26.0,2.0
546,1.0,2.0,1.0,1.0,19.0,1.0,0.0,26.0,2.0
547,1.0,2.0,0.0,0.0,32.76,0.0,0.0,13.86,0.0
548,0.0,3.0,0.0,0.0,33.0,1.0,1.0,20.52,2.0
549,1.0,2.0,3.0,0.0,8.0,1.0,1.0,36.75,2.0
550,1.0,1.0,0.0,0.0,17.0,0.0,2.0,110.88,0.0
551,0.0,2.0,0.0,0.0,27.0,0.0,0.0,26.0,2.0
552,0.0,3.0,0.0,0.0,29.4,0.0,0.0,7.83,1.0
553,1.0,3.0,0.0,0.0,22.0,0.0,0.0,7.22,0.0
554,1.0,3.0,2.0,1.0,22.0,0.0,0.0,7.78,2.0
555,0.0,1.0,0.0,0.0,62.0,0.0,0.0,26.55,2.0
556,1.0,1.0,1.0,1.0,48.0,1.0,0.0,39.6,0.0
557,0.0,1.0,0.0,0.0,40.22,0.0,0.0,227.52,0.0
558,1.0,1.0,1.0,1.0,39.0,1.0,1.0,79.65,2.0
559,1.0,3.0,1.0,1.0,36.0,1.0,0.0,17.4,2.0
560,0.0,3.0,0.0,0.0,29.4,0.0,0.0,7.75,1.0
561,0.0,3.0,0.0,0.0,40.0,0.0,0.0,7.9,2.0
562,0.0,2.0,0.0,0.0,28.0,0.0,0.0,13.5,2.0
563,0.0,3.0,0.0,0.0,29.94,0.0,0.0,8.05,2.0
564,0.0,3.0,2.0,1.0,21.95,0.0,0.0,8.05,2.0
565,0.0,3.0,0.0,0.0,24.0,2.0,0.0,24.15,2.0
566,0.0,3.0,0.0,0.0,19.0,0.0,0.0,7.9,2.0
567,0.0,3.0,1.0,1.0,29.0,0.0,4.0,21.08,2.0
568,0.0,3.0,0.0,0.0,28.86,0.0,0.0,7.23,0.0
569,1.0,3.0,0.0,0.0,32.0,0.0,0.0,7.85,2.0
570,1.0,2.0,0.0,0.0,62.0,0.0,0.0,10.5,2.0
571,1.0,1.0,1.0,1.0,53.0,2.0,0.0,51.48,2.0
572,1.0,1.0,0.0,0.0,36.0,0.0,0.0,26.39,2.0
573,1.0,3.0,2.0,1.0,18.46,0.0,0.0,7.75,1.0
574,0.0,3.0,0.0,0.0,16.0,0.0,0.0,8.05,2.0
575,0.0,3.0,0.0,0.0,19.0,0.0,0.0,14.5,2.0
576,1.0,2.0,2.0,1.0,34.0,0.0,0.0,13.0,2.0
577,1.0,1.0,1.0,1.0,39.0,1.0,0.0,55.9,2.0
578,0.0,3.0,1.0,1.0,27.02,1.0,0.0,14.46,0.0
579,1.0,3.0,0.0,0.0,32.0,0.0,0.0,7.92,2.0
580,1.0,2.0,2.0,1.0,25.0,1.0,1.0,30.0,2.0
581,1.0,1.0,1.0,1.0,39.0,1.0,1.0,110.88,0.0
582,0.0,2.0,0.0,0.0,54.0,0.0,0.0,26.0,2.0
583,0.0,1.0,0.0,0.0,36.0,0.0,0.0,40.12,0.0
584,0.0,3.0,0.0,0.0,28.84,0.0,0.0,8.71,0.0
585,1.0,1.0,2.0,1.0,18.0,0.0,2.0,79.65,2.0
586,0.0,2.0,0.0,0.0,47.0,0.0,0.0,15.0,2.0
587,1.0,1.0,0.0,0.0,60.0,1.0,1.0,79.2,0.0
588,0.0,3.0,0.0,0.0,22.0,0.0,0.0,8.05,2.0
589,0.0,3.0,0.0,0.0,29.94,0.0,0.0,8.05,2.0
590,0.0,3.0,0.0,0.0,35.0,0.0,0.0,7.12,2.0
591,1.0,1.0,1.0,1.0,52.0,1.0,0.0,78.27,0.0
592,0.0,3.0,0.0,0.0,47.0,0.0,0.0,7.25,2.0
593,0.0,3.0,2.0,1.0,21.27,0.0,2.0,7.75,1.0
594,0.0,2.0,0.0,0.0,37.0,1.0,0.0,26.0,2.0
595,0.0,3.0,0.0,0.0,36.0,1.0,1.0,24.15,2.0
596,1.0,2.0,2.0,1.0,25.64,0.0,0.0,33.0,2.0
597,0.0,3.0,0.0,0.0,49.0,0.0,0.0,0.0,2.0
598,0.0,3.0,0.0,0.0,28.86,0.0,0.0,7.22,0.0
599,1.0,1.0,0.0,0.0,49.0,1.0,0.0,56.93,0.0
600,1.0,2.0,1.0,1.0,24.0,2.0,1.0,27.0,2.0
601,0.0,3.0,0.0,0.0,29.94,0.0,0.0,7.9,2.0
602,0.0,1.0,0.0,0.0,43.39,0.0,0.0,42.4,2.0
603,0.0,3.0,0.0,0.0,44.0,0.0,0.0,8.05,2.0
604,1.0,1.0,0.0,0.0,35.0,0.0,0.0,26.55,0.0
605,0.0,3.0,0.0,0.0,36.0,1.0,0.0,15.55,2.0
606,0.0,3.0,0.0,0.0,30.0,0.0,0.0,7.9,2.0
607,1.0,1.0,0.0,0.0,27.0,0.0,0.0,30.5,2.0
608,1.0,2.0,1.0,1.0,22.0,1.0,2.0,41.58,0.0
609,1.0,1.0,2.0,1.0,40.0,0.0,0.0,153.46,2.0
610,0.0,3.0,1.0,1.0,39.0,1.0,5.0,31.28,2.0
611,0.0,3.0,0.0,0.0,29.95,0.0,0.0,7.05,2.0
612,1.0,3.0,2.0,1.0,16.6,1.0,0.0,15.5,1.0
613,0.0,3.0,0.0,0.0,29.4,0.0,0.0,7.75,1.0
614,0.0,3.0,0.0,0.0,35.0,0.0,0.0,8.05,2.0
615,1.0,2.0,2.0,1.0,24.0,1.0,2.0,65.0,2.0
616,0.0,3.0,0.0,0.0,34.0,1.0,1.0,14.4,2.0
617,0.0,3.0,1.0,1.0,26.0,1.0,0.0,16.1,2.0
618,1.0,2.0,2.0,1.0,4.0,2.0,1.0,39.0,2.0
619,0.0,2.0,0.0,0.0,26.0,0.0,0.0,10.5,2.0
620,0.0,3.0,0.0,0.0,27.0,1.0,0.0,14.45,0.0
621,1.0,1.0,0.0,0.0,42.0,1.0,0.0,52.55,2.0
622,1.0,3.0,0.0,0.0,20.0,1.0,1.0,15.74,0.0
623,0.0,3.0,0.0,0.0,21.0,0.0,0.0,7.85,2.0
624,0.0,3.0,0.0,0.0,21.0,0.0,0.0,16.1,2.0
625,0.0,1.0,0.0,0.0,61.0,0.0,0.0,32.32,2.0
626,0.0,2.0,0.0,0.0,57.0,0.0,0.0,12.35,1.0
627,1.0,1.0,2.0,1.0,21.0,0.0,0.0,77.96,2.0
628,0.0,3.0,0.0,0.0,26.0,0.0,0.0,7.9,2.0
629,0.0,3.0,0.0,0.0,29.4,0.0,0.0,7.73,1.0
630,1.0,1.0,0.0,0.0,80.0,0.0,0.0,30.0,2.0
631,0.0,3.0,0.0,0.0,51.0,0.0,0.0,7.05,2.0
632,1.0,1.0,0.0,0.0,32.0,0.0,0.0,30.5,0.0
633,0.0,1.0,0.0,0.0,43.87,0.0,0.0,0.0,2.0
634,0.0,3.0,2.0,1.0,9.0,3.0,2.0,27.9,2.0
635,1.0,2.0,2.0,1.0,28.0,0.0,0.0,13.0,2.0
636,0.0,3.0,0.0,0.0,32.0,0.0,0.0,7.92,2.0
637,0.0,2.0,0.0,0.0,31.0,1.0,1.0,26.25,2.0
638,0.0,3.0,1.0,1.0,41.0,0.0,5.0,39.69,2.0
639,0.0,3.0,0.0,0.0,28.07,1.0,0.0,16.1,2.0
640,0.0,3.0,0.0,0.0,20.0,0.0,0.0,7.85,2.0
641,1.0,1.0,2.0,1.0,24.0,0.0,0.0,69.3,0.0
642,0.0,3.0,2.0,1.0,2.0,3.0,2.0,27.9,2.0
643,1.0,3.0,0.0,0.0,26.45,0.0,0.0,56.5,2.0
644,1.0,3.0,2.0,1.0,0.75,2.0,1.0,19.26,0.0
645,1.0,1.0,0.0,0.0,48.0,1.0,0.0,76.73,0.0
646,0.0,3.0,0.0,0.0,19.0,0.0,0.0,7.9,2.0
647,1.0,1.0,0.0,0.0,56.0,0.0,0.0,35.5,0.0
648,0.0,3.0,0.0,0.0,29.95,0.0,0.0,7.55,2.0
649,1.0,3.0,2.0,1.0,23.0,0.0,0.0,7.55,2.0
650,0.0,3.0,0.0,0.0,29.94,0.0,0.0,7.9,2.0
651,1.0,2.0,2.0,1.0,18.0,0.0,1.0,23.0,2.0
652,0.0,3.0,0.0,0.0,21.0,0.0,0.0,8.43,2.0
653,1.0,3.0,2.0,1.0,18.46,0.0,0.0,7.83,1.0
654,0.0,3.0,2.0,1.0,18.0,0.0,0.0,6.75,1.0
655,0.0,2.0,0.0,0.0,24.0,2.0,0.0,73.5,2.0
656,0.0,3.0,0.0,0.0,29.94,0.0,0.0,7.9,2.0
657,0.0,3.0,1.0,1.0,32.0,1.0,1.0,15.5,1.0
658,0.0,2.0,0.0,0.0,23.0,0.0,0.0,13.0,2.0
659,0.0,1.0,0.0,0.0,58.0,0.0,2.0,113.28,0.0
660,1.0,1.0,0.0,0.0,50.0,2.0,0.0,133.65,2.0
661,0.0,3.0,0.0,0.0,40.0,0.0,0.0,7.22,0.0
662,0.0,1.0,0.0,0.0,47.0,0.0,0.0,25.59,2.0
663,0.0,3.0,0.0,0.0,36.0,0.0,0.0,7.5,2.0
664,1.0,3.0,0.0,0.0,20.0,1.0,0.0,7.92,2.0
665,0.0,2.0,0.0,0.0,32.0,2.0,0.0,73.5,2.0
666,0.0,2.0,0.0,0.0,25.0,0.0,0.0,13.0,2.0
667,0.0,3.0,0.0,0.0,29.94,0.0,0.0,7.78,2.0
668,0.0,3.0,0.0,0.0,43.0,0.0,0.0,8.05,2.0
669,1.0,1.0,1.0,1.0,38.58,1.0,0.0,52.0,2.0
670,1.0,2.0,1.0,1.0,40.0,1.0,1.0,39.0,2.0
671,0.0,1.0,0.0,0.0,31.0,1.0,0.0,52.0,2.0
672,0.0,2.0,0.0,0.0,70.0,0.0,0.0,10.5,2.0
673,1.0,2.0,0.0,0.0,31.0,0.0,0.0,13.0,2.0
674,0.0,2.0,0.0,0.0,36.95,0.0,0.0,0.0,2.0
675,0.0,3.0,0.0,0.0,18.0,0.0,0.0,7.78,2.0
676,0.0,3.0,0.0,0.0,24.5,0.0,0.0,8.05,2.0
677,1.0,3.0,2.0,1.0,18.0,0.0,0.0,9.84,2.0
678,0.0,3.0,1.0,1.0,43.0,1.0,6.0,46.9,2.0
679,1.0,1.0,0.0,0.0,36.0,0.0,1.0,512.33,0.0
680,0.0,3.0,2.0,1.0,21.4,0.0,0.0,8.14,1.0
681,1.0,1.0,0.0,0.0,27.0,0.0,0.0,76.73,0.0
682,0.0,3.0,0.0,0.0,20.0,0.0,0.0,9.22,2.0
683,0.0,3.0,0.0,0.0,14.0,5.0,2.0,46.9,2.0
684,0.0,2.0,0.0,0.0,60.0,1.0,1.0,39.0,2.0
685,0.0,2.0,0.0,0.0,25.0,1.0,2.0,41.58,0.0
686,0.0,3.0,0.0,0.0,14.0,4.0,1.0,39.69,2.0
687,0.0,3.0,0.0,0.0,19.0,0.0,0.0,10.17,2.0
688,0.0,3.0,0.0,0.0,18.0,0.0,0.0,7.8,2.0
689,1.0,1.0,2.0,1.0,15.0,0.0,1.0,211.34,2.0
690,1.0,1.0,0.0,0.0,31.0,1.0,0.0,57.0,2.0
691,1.0,3.0,2.0,1.0,4.0,0.0,1.0,13.42,0.0
692,1.0,3.0,0.0,0.0,26.45,0.0,0.0,56.5,2.0
693,0.0,3.0,0.0,0.0,25.0,0.0,0.0,7.22,0.0
694,0.0,1.0,0.0,0.0,60.0,0.0,0.0,26.55,2.0
695,0.0,2.0,0.0,0.0,52.0,0.0,0.0,13.5,2.0
696,0.0,3.0,0.0,0.0,44.0,0.0,0.0,8.05,2.0
697,1.0,3.0,2.0,1.0,18.46,0.0,0.0,7.73,1.0
698,0.0,1.0,0.0,0.0,49.0,1.0,1.0,110.88,0.0
699,0.0,3.0,0.0,0.0,42.0,0.0,0.0,7.65,2.0
700,1.0,1.0,1.0,1.0,18.0,1.0,0.0,227.52,0.0
701,1.0,1.0,0.0,0.0,35.0,0.0,0.0,26.29,2.0
702,0.0,3.0,2.0,1.0,18.0,0.0,1.0,14.45,0.0
703,0.0,3.0,0.0,0.0,25.0,0.0,0.0,7.74,1.0
704,0.0,3.0,0.0,0.0,26.0,1.0,0.0,7.85,2.0
705,0.0,2.0,0.0,0.0,39.0,0.0,0.0,26.0,2.0
706,1.0,2.0,1.0,1.0,45.0,0.0,0.0,13.5,2.0
707,1.0,1.0,0.0,0.0,42.0,0.0,0.0,26.29,2.0
708,1.0,1.0,2.0,1.0,22.0,0.0,0.0,151.55,2.0
709,1.0,3.0,3.0,0.0,-0.06,1.0,1.0,15.25,0.0
710,1.0,1.0,2.0,1.0,24.0,0.0,0.0,49.5,0.0
711,0.0,1.0,0.0,0.0,43.57,0.0,0.0,26.55,2.0
712,1.0,1.0,0.0,0.0,48.0,1.0,0.0,52.0,2.0
713,0.0,3.0,0.0,0.0,29.0,0.0,0.0,9.48,2.0
714,0.0,2.0,0.0,0.0,52.0,0.0,0.0,13.0,2.0
715,0.0,3.0,0.0,0.0,19.0,0.0,0.0,7.65,2.0
716,1.0,1.0,2.0,1.0,38.0,0.0,0.0,227.52,0.0
717,1.0,2.0,2.0,1.0,27.0,0.0,0.0,10.5,2.0
718,0.0,3.0,0.0,0.0,29.31,0.0,0.0,15.5,1.0
719,0.0,3.0,0.0,0.0,33.0,0.0,0.0,7.78,2.0
720,1.0,2.0,2.0,1.0,6.0,0.0,1.0,33.0,2.0
721,0.0,3.0,0.0,0.0,17.0,1.0,0.0,7.05,2.0
722,0.0,2.0,0.0,0.0,34.0,0.0,0.0,13.0,2.0
723,0.0,2.0,0.0,0.0,50.0,0.0,0.0,13.0,2.0
724,1.0,1.0,0.0,0.0,27.0,1.0,0.0,53.1,2.0
725,0.0,3.0,0.0,0.0,20.0,0.0,0.0,8.66,2.0
726,1.0,2.0,1.0,1.0,30.0,3.0,0.0,21.0,2.0
727,1.0,3.0,2.0,1.0,18.46,0.0,0.0,7.74,1.0
728,0.0,2.0,0.0,0.0,25.0,1.0,0.0,26.0,2.0
729,0.0,3.0,2.0,1.0,25.0,1.0,0.0,7.92,2.0
730,1.0,1.0,2.0,1.0,29.0,0.0,0.0,211.34,2.0
731,0.0,3.0,0.0,0.0,11.0,0.0,0.0,18.79,0.0
732,0.0,2.0,0.0,0.0,36.95,0.0,0.0,0.0,2.0
733,0.0,2.0,0.0,0.0,23.0,0.0,0.0,13.0,2.0
734,0.0,2.0,0.0,0.0,23.0,0.0,0.0,13.0,2.0
735,0.0,3.0,0.0,0.0,28.5,0.0,0.0,16.1,2.0
736,0.0,3.0,1.0,1.0,48.0,1.0,3.0,34.38,2.0
737,1.0,1.0,0.0,0.0,35.0,0.0,0.0,512.33,0.0
738,0.0,3.0,0.0,0.0,29.94,0.0,0.0,7.9,2.0
739,0.0,3.0,0.0,0.0,29.94,0.0,0.0,7.9,2.0
740,1.0,1.0,0.0,0.0,40.59,0.0,0.0,30.0,2.0
741,0.0,1.0,0.0,0.0,36.0,1.0,0.0,78.85,2.0
742,1.0,1.0,2.0,1.0,21.0,2.0,2.0,262.38,0.0
743,0.0,3.0,0.0,0.0,24.0,1.0,0.0,16.1,2.0
744,1.0,3.0,0.0,0.0,31.0,0.0,0.0,7.92,2.0
745,0.0,1.0,0.0,0.0,70.0,1.0,1.0,71.0,2.0
746,0.0,3.0,0.0,0.0,16.0,1.0,1.0,20.25,2.0
747,1.0,2.0,2.0,1.0,30.0,0.0,0.0,13.0,2.0
748,0.0,1.0,0.0,0.0,19.0,1.0,0.0,53.1,2.0
749,0.0,3.0,0.0,0.0,31.0,0.0,0.0,7.75,1.0
750,1.0,2.0,2.0,1.0,4.0,1.0,1.0,23.0,2.0
751,1.0,3.0,3.0,0.0,6.0,0.0,1.0,12.48,2.0
752,0.0,3.0,0.0,0.0,33.0,0.0,0.0,9.5,2.0
753,0.0,3.0,0.0,0.0,23.0,0.0,0.0,7.9,2.0
754,1.0,2.0,1.0,1.0,48.0,1.0,2.0,65.0,2.0
755,1.0,2.0,3.0,0.0,0.67,1.0,1.0,14.5,2.0
756,0.0,3.0,0.0,0.0,28.0,0.0,0.0,7.8,2.0
757,0.0,2.0,0.0,0.0,18.0,0.0,0.0,11.5,2.0
758,0.0,3.0,0.0,0.0,34.0,0.0,0.0,8.05,2.0
759,1.0,1.0,1.0,1.0,33.0,0.0,0.0,86.5,2.0
760,0.0,3.0,0.0,0.0,29.87,0.0,0.0,14.5,2.0
761,0.0,3.0,0.0,0.0,41.0,0.0,0.0,7.12,2.0
762,1.0,3.0,0.0,0.0,20.0,0.0,0.0,7.23,0.0
763,1.0,1.0,1.0,1.0,36.0,1.0,2.0,120.0,2.0
764,0.0,3.0,0.0,0.0,16.0,0.0,0.0,7.78,2.0
765,1.0,1.0,1.0,1.0,51.0,1.0,0.0,77.96,2.0
766,0.0,1.0,0.0,0.0,42.33,0.0,0.0,39.6,0.0
767,0.0,3.0,2.0,1.0,30.5,0.0,0.0,7.75,1.0
768,0.0,3.0,0.0,0.0,27.43,1.0,0.0,24.15,1.0
769,0.0,3.0,0.0,0.0,32.0,0.0,0.0,8.36,2.0
770,0.0,3.0,0.0,0.0,24.0,0.0,0.0,9.5,2.0
771,0.0,3.0,0.0,0.0,48.0,0.0,0.0,7.85,2.0
772,0.0,2.0,1.0,1.0,57.0,0.0,0.0,10.5,2.0
773,0.0,3.0,0.0,0.0,28.86,0.0,0.0,7.22,0.0
774,1.0,2.0,1.0,1.0,54.0,1.0,3.0,23.0,2.0
775,0.0,3.0,0.0,0.0,18.0,0.0,0.0,7.75,2.0
776,0.0,3.0,0.0,0.0,29.4,0.0,0.0,7.75,1.0
777,1.0,3.0,2.0,1.0,5.0,0.0,0.0,12.48,2.0
778,0.0,3.0,0.0,0.0,29.4,0.0,0.0,7.74,1.0
779,1.0,1.0,1.0,1.0,43.0,0.0,1.0,211.34,2.0
780,1.0,3.0,2.0,1.0,13.0,0.0,0.0,7.23,0.0
781,1.0,1.0,1.0,1.0,17.0,1.0,0.0,57.0,2.0
782,0.0,1.0,0.0,0.0,29.0,0.0,0.0,30.0,2.0
783,0.0,3.0,0.0,0.0,27.85,1.0,2.0,23.45,2.0
784,0.0,3.0,0.0,0.0,25.0,0.0,0.0,7.05,2.0
785,0.0,3.0,0.0,0.0,25.0,0.0,0.0,7.25,2.0
786,1.0,3.0,2.0,1.0,18.0,0.0,0.0,7.5,2.0
787,0.0,3.0,3.0,0.0,8.0,4.0,1.0,29.12,1.0
788,1.0,3.0,3.0,0.0,1.0,1.0,2.0,20.58,2.0
789,0.0,1.0,0.0,0.0,46.0,0.0,0.0,79.2,0.0
790,0.0,3.0,0.0,0.0,29.4,0.0,0.0,7.75,1.0
791,0.0,2.0,0.0,0.0,16.0,0.0,0.0,26.0,2.0
792,0.0,3.0,2.0,1.0,6.89,8.0,2.0,69.55,2.0
793,0.0,1.0,0.0,0.0,42.43,0.0,0.0,30.7,0.0
794,0.0,3.0,0.0,0.0,25.0,0.0,0.0,7.9,2.0
795,0.0,2.0,0.0,0.0,39.0,0.0,0.0,13.0,2.0
796,1.0,1.0,0.0,1.0,49.0,0.0,0.0,25.93,2.0
797,1.0,3.0,1.0,1.0,31.0,0.0,0.0,8.68,2.0
798,0.0,3.0,0.0,0.0,30.0,0.0,0.0,7.23,0.0
799,0.0,3.0,1.0,1.0,30.0,1.0,1.0,24.15,2.0
800,0.0,2.0,0.0,0.0,34.0,0.0,0.0,13.0,2.0
801,1.0,2.0,1.0,1.0,31.0,1.0,1.0,26.25,2.0
802,1.0,1.0,3.0,0.0,11.0,1.0,2.0,120.0,2.0
803,1.0,3.0,3.0,0.0,0.42,0.0,1.0,8.52,0.0
804,1.0,3.0,0.0,0.0,27.0,0.0,0.0,6.98,2.0
805,0.0,3.0,0.0,0.0,31.0,0.0,0.0,7.78,2.0
806,0.0,1.0,0.0,0.0,39.0,0.0,0.0,0.0,2.0
807,0.0,3.0,2.0,1.0,18.0,0.0,0.0,7.78,2.0
808,0.0,2.0,0.0,0.0,39.0,0.0,0.0,13.0,2.0
809,1.0,1.0,1.0,1.0,33.0,1.0,0.0,53.1,2.0
810,0.0,3.0,0.0,0.0,26.0,0.0,0.0,7.89,2.0
811,0.0,3.0,0.0,0.0,39.0,0.0,0.0,24.15,2.0
812,0.0,2.0,0.0,0.0,35.0,0.0,0.0,10.5,2.0
813,0.0,3.0,2.0,1.0,6.0,4.0,2.0,31.28,2.0
814,0.0,3.0,0.0,0.0,30.5,0.0,0.0,8.05,2.0
815,0.0,1.0,0.0,0.0,43.87,0.0,0.0,0.0,2.0
816,0.0,3.0,2.0,1.0,23.0,0.0,0.0,7.92,2.0
817,0.0,2.0,0.0,0.0,31.0,1.0,1.0,37.0,0.0
818,0.0,3.0,0.0,0.0,43.0,0.0,0.0,6.45,2.0
819,0.0,3.0,3.0,0.0,10.0,3.0,2.0,27.9,2.0
820,1.0,1.0,1.0,1.0,52.0,1.0,1.0,93.5,2.0
821,1.0,3.0,0.0,0.0,27.0,0.0,0.0,8.66,2.0
822,0.0,1.0,0.0,0.0,38.0,0.0,0.0,0.0,2.0
823,1.0,3.0,1.0,1.0,27.0,0.0,1.0,12.48,2.0
824,0.0,3.0,3.0,0.0,2.0,4.0,1.0,39.69,2.0
825,0.0,3.0,0.0,0.0,29.41,0.0,0.0,6.95,1.0
826,0.0,3.0,0.0,0.0,29.4,0.0,0.0,56.5,2.0
827,1.0,2.0,3.0,0.0,1.0,0.0,2.0,37.0,0.0
828,1.0,3.0,0.0,0.0,26.45,0.0,0.0,7.75,1.0
829,1.0,1.0,1.0,1.0,62.0,0.0,0.0,80.0,2.0
830,1.0,3.0,1.0,1.0,15.0,1.0,0.0,14.45,0.0
831,1.0,2.0,3.0,0.0,0.83,1.0,1.0,18.75,2.0
832,0.0,3.0,0.0,0.0,28.86,0.0,0.0,7.23,0.0
833,0.0,3.0,0.0,0.0,23.0,0.0,0.0,7.85,2.0
834,0.0,3.0,0.0,0.0,18.0,0.0,0.0,8.3,2.0
835,1.0,1.0,2.0,1.0,39.0,1.0,1.0,83.16,0.0
836,0.0,3.0,0.0,0.0,21.0,0.0,0.0,8.66,2.0
837,0.0,3.0,0.0,0.0,29.94,0.0,0.0,8.05,2.0
838,1.0,3.0,0.0,0.0,32.0,0.0,0.0,56.5,2.0
839,1.0,1.0,0.0,0.0,39.5,0.0,0.0,29.7,0.0
840,0.0,3.0,0.0,0.0,20.0,0.0,0.0,7.92,2.0
841,0.0,2.0,0.0,0.0,16.0,0.0,0.0,10.5,2.0
842,1.0,1.0,2.0,1.0,30.0,0.0,0.0,31.0,0.0
843,0.0,3.0,0.0,0.0,34.5,0.0,0.0,6.44,0.0
844,0.0,3.0,0.0,0.0,17.0,0.0,0.0,8.66,2.0
845,0.0,3.0,0.0,0.0,42.0,0.0,0.0,7.55,2.0
846,0.0,3.0,0.0,0.0,14.88,8.0,2.0,69.55,2.0
847,0.0,3.0,0.0,0.0,35.0,0.0,0.0,7.9,0.0
848,0.0,2.0,0.0,0.0,28.0,0.0,1.0,33.0,2.0
849,1.0,1.0,1.0,1.0,37.08,1.0,0.0,89.1,0.0
850,0.0,3.0,3.0,0.0,4.0,4.0,2.0,31.28,2.0
851,0.0,3.0,0.0,0.0,74.0,0.0,0.0,7.78,2.0
852,0.0,3.0,2.0,1.0,9.0,1.0,1.0,15.25,0.0
853,1.0,1.0,2.0,1.0,16.0,0.0,1.0,39.4,2.0
854,0.0,2.0,1.0,1.0,44.0,1.0,0.0,26.0,2.0
855,1.0,3.0,1.0,1.0,18.0,0.0,1.0,9.35,2.0
856,1.0,1.0,1.0,1.0,45.0,1.0,1.0,164.87,2.0
857,1.0,1.0,0.0,0.0,51.0,0.0,0.0,26.55,2.0
858,1.0,3.0,1.0,1.0,24.0,0.0,3.0,19.26,0.0
859,0.0,3.0,0.0,0.0,28.86,0.0,0.0,7.23,0.0
860,0.0,3.0,0.0,0.0,41.0,2.0,0.0,14.11,2.0
861,0.0,2.0,0.0,0.0,21.0,1.0,0.0,11.5,2.0
862,1.0,1.0,1.0,1.0,48.0,0.0,0.0,25.93,2.0
863,0.0,3.0,2.0,1.0,6.89,8.0,2.0,69.55,2.0
864,0.0,2.0,0.0,0.0,24.0,0.0,0.0,13.0,2.0
865,1.0,2.0,1.0,1.0,42.0,0.0,0.0,13.0,2.0
866,1.0,2.0,2.0,1.0,27.0,1.0,0.0,13.86,0.0
867,0.0,1.0,0.0,0.0,31.0,0.0,0.0,50.5,2.0
868,0.0,3.0,0.0,0.0,29.92,0.0,0.0,9.5,2.0
869,1.0,3.0,3.0,0.0,4.0,1.0,1.0,11.13,2.0
870,0.0,3.0,0.0,0.0,26.0,0.0,0.0,7.9,2.0
871,1.0,1.0,1.0,1.0,47.0,1.0,1.0,52.55,2.0
872,0.0,1.0,0.0,0.0,33.0,0.0,0.0,5.0,2.0
873,0.0,3.0,0.0,0.0,47.0,0.0,0.0,9.0,2.0
874,1.0,2.0,1.0,1.0,28.0,1.0,0.0,24.0,0.0
875,1.0,3.0,2.0,1.0,15.0,0.0,0.0,7.22,0.0
876,0.0,3.0,0.0,0.0,20.0,0.0,0.0,9.85,2.0
877,0.0,3.0,0.0,0.0,19.0,0.0,0.0,7.9,2.0
878,0.0,3.0,0.0,0.0,29.94,0.0,0.0,7.9,2.0
879,1.0,1.0,1.0,1.0,56.0,0.0,1.0,83.16,0.0
880,1.0,2.0,1.0,1.0,25.0,0.0,1.0,26.0,2.0
881,0.0,3.0,0.0,0.0,33.0,0.0,0.0,7.9,2.0
882,0.0,3.0,2.0,1.0,22.0,0.0,0.0,10.52,2.0
883,0.0,2.0,0.0,0.0,28.0,0.0,0.0,10.5,2.0
884,0.0,3.0,0.0,0.0,25.0,0.0,0.0,7.05,2.0
885,0.0,3.0,1.0,1.0,39.0,0.0,5.0,29.12,1.0
886,0.0,2.0,0.0,0.0,27.0,0.0,0.0,13.0,2.0
887,1.0,1.0,2.0,1.0,19.0,0.0,0.0,30.0,2.0
888,0.0,3.0,2.0,1.0,19.86,1.0,2.0,23.45,2.0
889,1.0,1.0,0.0,0.0,26.0,0.0,0.0,30.0,0.0
890,0.0,3.0,0.0,0.0,32.0,0.0,0.0,7.75,1.0
